GUID,Name,Nickname,posX,posY,posZ,rotX,rotY,rotZ,scaleX,scaleY,scaleZ
660e64,Custom_Model,,4.11307859,1.5656575,-5.30237961,1.170762e-05,180.010757,180.0,0.9,1.7,0.9
4ebeab,Custom_Model,,-0.432968229,1.565657,-12.8270025,1.03446882e-05,180.0163,180.0,0.9,1.7,0.9
6a404a,Custom_Model,,4.356895,1.56565273,-6.543057,-0.000256387866,179.983932,179.998779,0.9,1.7,0.9
6dcb2b,Custom_Model,,2.50551772,1.5656575,-5.63263273,8.136986e-06,180.0133,180.0,0.9,1.7,0.9
d9f129,Custom_Model,,6.683908,1.5656575,-6.425872,6.12588838e-06,180.015564,180.0,0.9,1.7,0.9
7452aa,Custom_Model,,4.349559,1.64984965,-6.53857136,-0.00570777757,179.968918,179.994888,0.9,1.7,0.9
66d59c,Custom_Model,,2.318355,1.56565738,-6.86243,5.81293943e-06,180.002167,180.0,0.9,1.7,0.9
07b01b,Custom_Model,,0.755536735,1.565657,-14.04807,1.14773811e-05,180.0202,180.0,0.9,1.7,0.9
09ab35,Custom_Model,,2.19814086,1.5656569,-14.955142,1.08546146e-05,179.995148,180.0,0.9,1.7,0.9
79fb2a,Custom_Model,,-11.0568218,1.56565726,-10.3829489,1.00442485e-05,179.97139,180.0,0.9,1.7,0.9
505f56,Custom_Model,,12.9957666,1.649393,13.71007,359.971,180.029648,180.022827,0.9,1.7,0.9
8925ed,Custom_Model,,-5.24253654,1.565657,-12.4224825,9.947594e-06,180.013916,180.0,0.9,1.7,0.9
3e8037,Custom_Model,,-23.92066,1.56565893,17.367033,1.159435e-05,180.03299,180.0,0.9,1.7,0.9
abd5f2,Custom_Model,,12.8604116,1.6487155,16.01522,-0.00161279773,180.0283,179.998077,0.9,1.7,0.9
c4fe22,Custom_Model,,18.6035233,1.64031124,11.41218,0.004726521,180.003082,179.995361,0.9,1.57164311,0.9
0dab31,Custom_Model,,22.2555923,1.56565809,5.786246,5.68846053e-06,180.004272,1.88328124e-06,0.9,1.7,0.9
40cd80,Custom_Model,,17.7892132,1.645535,11.4512186,0.00113661948,180.018112,180.000763,0.9,1.57164311,0.9
de95e0,Custom_Model,,11.1404943,1.56565678,-17.2424431,4.338015e-06,179.996231,180.0,0.9,1.7,0.9
75c9cc,Custom_Model,,18.910553,1.56565011,13.7138882,-0.000444336882,180.005966,179.9979,0.9,1.7,0.9
edee26,Custom_Model,,18.9074917,1.64983737,13.7069368,-0.00261830864,180.014465,180.001816,0.9,1.7,0.9
cb42ab,Custom_Model,,-25.9163227,1.5624752,-16.1561279,-8.320486e-05,179.961273,179.999481,0.9,1.57164311,0.9
378eb4,Custom_Model,,18.6036663,1.56247473,11.4121389,-0.000200279974,179.985641,179.998917,0.9,1.57164311,0.9
86a7f3,Custom_Model,,1.75725543,1.565658,2.64762354,5.82632765e-06,179.97525,180.0,0.9,1.7,0.9
fd0ab2,Custom_Model,,-25.9187984,1.733492,16.3282566,0.05274672,179.977341,179.887329,0.9,1.7,0.9
6ceb83,Custom_Model,,-25.9169579,1.56558454,15.6942186,-0.00374989933,180.00209,179.981735,0.9,1.7,0.9
dd32e7,Custom_Model,,-25.9170017,1.64945054,15.6921825,0.0617330633,180.043335,179.987747,0.9,1.7,0.9
fbdcb2,Custom_Model,,-25.9155064,1.73338008,15.6949635,0.111574732,180.025955,179.973022,0.9,1.7,0.9
9120f4,Custom_Model,,-25.9166222,1.565608,16.3302345,-0.002792559,179.970139,179.987228,0.9,1.7,0.9
bfa0af,Custom_Model,,-25.91648,1.64936936,16.3302917,0.0286643263,179.993622,179.893066,0.9,1.7,0.9
2f10d6,Custom_Model,,-18.4354877,1.56508648,-0.9182973,6.986349e-06,179.9736,3.02734588e-06,1.1635896,1.67694032,1.1635896
d5b63d,Custom_Model,,-19.9044724,1.59271967,0.652736,-0.002164826,180.033386,0.000458626018,1.1635896,1.67694032,1.1635896
91c16a,Custom_Model,,-16.487236,1.59227121,-1.16518366,0.00114541617,180.017883,180.015564,1.1635896,1.67694032,1.1635896
1379d8,Custom_Model,,18.0154419,1.56508732,13.8050966,5.91833623e-06,180.0,180.0,1.1635896,1.67694032,1.1635896
8fcc4a,Custom_Model,,11.4585562,1.56352961,13.7937546,-5.269002e-05,179.981277,179.999664,1.12,1.61411989,1.12
0fa3e8,Custom_Model,,-2.51222634,1.56508613,-8.130853,8.44465e-06,180.029236,180.0,1.1635896,1.67694032,1.1635896
bffa32,Custom_Model,,12.76844,1.56508183,16.11515,-0.000220944989,180.015717,179.998917,1.1635896,1.67694032,1.1635896
e6f5b9,Custom_Model,,21.48889,1.565195,16.1169014,8.349838e-06,180.02211,180.0,1.16659975,1.68127823,1.16659975
28d54d,Custom_Model,,19.787344,1.56508744,13.8087406,1.33175035e-05,180.029053,180.0,1.1635896,1.67694032,1.1635896
c6ca73,Custom_Model,,10.762394,1.56508756,16.138401,9.147483e-06,180.004471,180.0,1.1635896,1.67694032,1.1635896
74f510,Custom_Model,,-1.923648,1.56508613,-6.704925,5.7326215e-06,180.010513,180.0,1.1635896,1.67694032,1.1635896
1ff2c2,Custom_Model,,11.7687263,1.56508756,16.1035976,1.08534105e-05,180.0044,180.0,1.1635896,1.67694032,1.1635896
db09ec,Custom_Model,,13.8077707,1.56508064,11.5155573,-0.000252801867,180.000443,179.998749,1.1635896,1.67694032,1.1635896
7e8905,Custom_Model,,14.7864437,1.56508076,11.516284,-0.000246985262,179.997238,179.998779,1.1635896,1.67694032,1.1635896
7e8c3c,Custom_Model,,13.8707256,1.56508231,13.80016,-0.000201561328,180.013489,179.999023,1.1635896,1.67694032,1.1635896
bd2c28,Custom_Model,,14.8335886,1.565081,13.79785,-0.000240059017,180.014648,179.99881,1.1635896,1.67694032,1.1635896
e6855a,Custom_Model,,10.4797134,1.56353128,13.7881126,8.325849e-06,179.992722,180.0,1.12,1.61411989,1.12
72bee4,Custom_Model,,-17.4115543,1.56353045,1.21284044,4.46667354e-06,180.0,180.0,1.12,1.61411989,1.12
9432dc,Custom_Model,,-17.2900143,1.670725,-0.0363251828,0.03740627,179.972015,180.007248,1.12301,1.61845779,1.12301
1722b2,Custom_Model,,-17.2914715,1.59084463,-0.0400463231,0.0096179815,179.996567,180.0116,1.12301,1.61845779,1.12301
a88cff,Custom_Model,,16.7316265,1.56508291,11.5274343,-0.000155655391,180.003387,179.999161,1.1635896,1.67694032,1.1635896
04372b,Custom_Model,,16.731123,1.6481359,11.5270538,0.0037596894,180.01712,179.996353,1.1635896,1.67694032,1.1635896
87bdb6,Custom_Model,,17.7207832,1.56508124,11.519537,-0.00023315147,179.994415,179.998871,1.1635896,1.67694032,1.1635896
3ffbed,Custom_Model,,21.7892437,1.64694321,13.7916641,0.163889781,180.009949,179.994278,1.1635896,1.67694032,1.1635896
14e19a,Custom_Model,,21.7903156,1.56488776,13.7998886,359.991943,179.986816,179.962311,1.1635896,1.67694032,1.1635896
9c74b1,Custom_Model,,20.75729,1.56508744,13.8292685,1.057508e-05,180.023941,180.0,1.1635896,1.67694032,1.1635896
c04192,Custom_Model,,-20.2056236,1.56565893,17.3584785,5.967585e-06,180.0165,180.0,0.9,1.7,0.9
c17778,Custom_Model,,0.6520986,1.56565821,6.89269733,1.30702492e-05,180.032288,180.0,0.9,1.7,0.9
908d4c,Custom_Model,,10.79002,1.56565809,2.81884861,8.789703e-06,180.024124,180.0,0.9,1.7,0.9
35bd6d,Custom_Model,,14.8584595,1.6487118,11.43231,0.00156096,180.013672,180.0009,0.9,1.7,0.9
aea262,Custom_Model,,12.3149233,1.56558454,13.7197018,-0.00391186541,180.019821,179.981949,0.9,1.7,0.9
6d88bd,Custom_Model,,12.31771,1.64940143,13.7202673,359.973877,180.027237,180.02301,0.9,1.7,0.9
3e8747,Custom_Model,,12.9965611,1.56558466,13.7101784,-0.00385608617,180.024033,179.98201,0.9,1.7,0.9
f1ed88,Custom_Model,,11.6661644,1.56565809,3.94907475,4.408456e-06,180.011032,180.0,0.9,1.7,0.9
19cdc6,Custom_Model,,-20.5429478,1.56565881,16.4526672,8.44021451e-06,179.991318,180.0,0.9,1.7,0.9
64bc76,Custom_Model,,-21.7724438,1.56565881,16.4606342,1.10002866e-05,179.975967,180.0,0.9,1.7,0.9
1c1208,Custom_Model,,-22.05211,1.56565893,17.36405,1.01269625e-05,179.989227,180.0,0.9,1.7,0.9
157f69,Custom_Model,,21.36594,1.59332573,-6.62727356,9.683166e-05,180.031418,-0.002790866,0.9,1.7,0.9
818bcc,Custom_Model,,13.8843412,1.64871144,11.4311838,0.00155678659,180.0105,180.000916,0.9,1.7,0.9
47d3a8,Custom_Model,,10.12518,1.56565785,1.07120991,5.799153e-06,180.017014,180.0,0.9,1.7,0.9
196239,Custom_Model,,-20.8209858,1.56565881,17.3679123,7.38771632e-06,180.025818,180.0,0.9,1.7,0.9
385b96,Custom_Model,,-3.41520715,1.56247759,-9.328507,1.23255077e-05,179.987839,180.0,0.9,1.57164311,0.9
1410a7,Custom_Model,,-17.6908951,1.56508672,2.588695,5.11335566e-06,180.023666,180.0,1.1635896,1.67694032,1.1635896
970a4a,Custom_Model,,-17.18158,1.56508684,3.847469,9.754868e-06,180.000031,180.0,1.1635896,1.67694032,1.1635896
aebbe5,Custom_Model,,-11.4687471,1.56508636,-4.49938536,1.06088419e-05,180.0253,180.0,1.1635896,1.67694032,1.1635896
d32de8,Custom_Model,,-10.3232193,1.56508636,-3.760453,1.30289627e-05,179.970276,180.0,1.1635896,1.67694032,1.1635896
27502e,Custom_Model,,-10.821661,1.56508625,-5.664812,1.29549953e-05,180.03389,180.0,1.1635896,1.67694032,1.1635896
d12186,Custom_Model,,-9.654471,1.56508625,-4.87643957,5.42360249e-06,180.01619,180.0,1.1635896,1.67694032,1.1635896
567e82,Custom_Model,,-1.327704,1.565087,5.411789,1.23207374e-05,179.974625,180.0,1.1635896,1.67694032,1.1635896
6de4e9,Custom_Model,,3.49925971,1.56508672,1.85001409,8.76706054e-06,180.028824,180.0,1.1635896,1.67694032,1.1635896
b67ba9,Custom_Model,,-1.87523758,1.56508672,2.37836814,9.815403e-06,180.011429,180.0,1.1635896,1.67694032,1.1635896
598ad2,Custom_Model,,-0.240474716,1.56508672,2.82909274,7.867844e-06,179.975143,180.0,1.1635896,1.67694032,1.1635896
7bafe1,Custom_Model,,4.13900852,1.5650866,0.370798647,8.938181e-06,180.0103,180.0,1.1635896,1.67694032,1.1635896
46d3ef,Custom_Model,,-19.92576,1.56565881,16.4496155,8.347152e-06,179.988022,180.0,0.9,1.7,0.9
364262,Custom_Model,,-19.3080082,1.56565869,16.4401855,6.19361435e-06,179.98938,180.0,0.9,1.7,0.9
742fc5,Custom_Model,,7.85273457,1.59331512,-1.89182174,0.000271283,179.996521,180.000122,0.9,1.7,0.9
f9aafb,Custom_Model,,-22.3843155,1.56565881,16.454607,3.352518e-06,179.99675,180.0,0.9,1.7,0.9
c8f40e,Custom_Model,,-19.5468369,1.56565893,17.35942,1.06762609e-05,180.015335,180.0,0.9,1.7,0.9
4c247f,Custom_Model,,21.880724,1.81395614,13.7117586,0.238291666,180.009964,180.023682,0.9,1.7,0.9
2c465b,Custom_Model,,-23.28329,1.56565893,17.3692055,6.689492e-06,179.981415,180.0,0.9,1.7,0.9
af3484,Custom_Model,,-23.6157227,1.56565881,16.45243,1.37643383e-05,179.991577,180.0,0.9,1.7,0.9
f9f4ab,Custom_Model,,-23.001339,1.56565881,16.4562778,2.20170364e-06,180.009918,180.0,0.9,1.7,0.9
8b7b1d,Custom_Model,,-21.154604,1.56565881,16.4612484,4.84322027e-06,180.003891,180.0,0.9,1.7,0.9
825a71,Custom_Model,,21.87178,1.73019564,13.7054338,0.172369257,180.03685,180.033447,0.9,1.7,0.9
6e6beb,Custom_Model,,-21.4400845,1.56565893,17.36767,1.11141744e-05,180.023178,180.0,0.9,1.7,0.9
97c56c,Custom_Model,,-22.6682148,1.56565881,17.3675632,5.25508631e-06,180.002945,180.0,0.9,1.7,0.9
52e11d,Custom_Model,,87.98387,2.35439968,42.1398468,-0.000108252454,210.005569,180.0001,0.7750019,0.7750019,0.7750019
dc277b,Custom_Model,,-17.28504,1.56565762,-4.970555,1.47996334e-05,180.029861,180.0,0.9,1.7,0.9
052b91,Custom_Model,,-24.23174,1.56565881,16.4489155,6.23336837e-06,180.014984,180.0,0.9,1.7,0.9
e8fa20,Custom_Model,,17.1764679,1.7323482,-12.5547409,0.05793916,179.974213,180.03154,0.9,1.7,0.9
fa4be5,Custom_Model,,-0.9313861,1.5656575,-5.4137187,3.67147027e-06,180.000473,180.0,0.9,1.7,0.9
35e2e6,Custom_Model,,15.1628036,1.56508589,-12.4758492,4.08495271e-06,180.005081,180.0,1.1635896,1.67694032,1.1635896
e07dd6,Custom_Model,,16.1496868,1.56500649,-12.4836836,-0.00315790437,179.96431,179.985031,1.1635896,1.67694032,1.1635896
22044a,Custom_Model,,17.126915,1.565007,-12.4840488,-0.00315627153,179.973785,179.985214,1.1635896,1.67694032,1.1635896
5d5ea8,Custom_Model,,-24.1611843,1.5656569,-16.4316654,1.428937e-05,180.023865,180.0,0.9,1.7,0.9
6fef83,Custom_Model,,21.11015,1.73347759,-17.2018318,0.09886688,180.0076,179.929,0.9,1.7,0.9
83865a,Custom_Model,,21.1194973,1.56559849,-17.197197,-0.00302324281,180.002747,179.9855,0.9,1.7,0.9
3ccbe5,Custom_Model,,21.11065,1.64932919,-17.200819,0.07818021,180.008209,179.935562,0.9,1.7,0.9
d1aab5,Custom_Model,,13.7453585,1.73237121,-14.8653173,0.009833092,179.993042,180.048676,0.9,1.7,0.9
72e404,Custom_Model,,-22.7296028,1.56565678,-17.32629,1.1884641e-05,179.975922,180.0,0.9,1.7,0.9
57c8a8,Custom_Model,,17.1755219,1.64838016,-12.55336,0.0222835578,180.033157,180.016266,0.9,1.7,0.9
2eb919,Custom_Model,,-20.4034042,1.5656569,-16.42071,1.1072415e-05,180.015686,180.0,0.9,1.7,0.9
a0673c,Custom_Model,,-19.7427,1.56565678,-16.4267063,7.876154e-06,180.0131,180.0,0.9,1.7,0.9
a6b6b1,Custom_Model,,-22.2723351,1.56565678,-16.4140263,8.928719e-06,180.015915,180.0,0.9,1.7,0.9
17cf70,Custom_Model,,-4.67386246,1.565658,1.58250213,1.00417019e-05,179.976929,-1.1571877e-07,0.9,1.7,0.9
d53386,Custom_Model,,-23.5170765,1.5656569,-16.42014,2.33181936e-06,180.013382,180.0,0.9,1.7,0.9
97007f,Custom_Model,,-21.6572323,1.5656569,-16.4220772,1.7068578e-05,180.031052,180.0,0.9,1.7,0.9
2a15c4,Custom_Model,,-21.0208569,1.5656569,-16.4174061,5.72331874e-06,180.008118,180.0,0.9,1.7,0.9
83af6b,Custom_Model,,-20.8874245,1.5656569,-17.3383656,1.01945188e-05,180.032,180.0,0.9,1.7,0.9
b0f019,Custom_Model,,-21.5021515,1.56565678,-17.3353386,1.16692208e-05,180.029785,180.0,0.9,1.7,0.9
e6bde6,Custom_Model,,-1.56495214,1.5650866,1.02690589,1.19444776e-05,180.021591,180.0,1.1635896,1.67694032,1.1635896
17966c,Custom_Model,,16.6280384,1.56508577,-14.8063164,5.90245054e-06,179.9901,180.0,1.1635896,1.67694032,1.1635896
29a6ce,Custom_Model,,1.27778924,1.56565785,-0.244039327,1.10104966e-05,180.029984,180.0,0.9,1.7,0.9
a628c4,Custom_Model,,-22.116188,1.56565678,-17.33023,6.257854e-06,179.9847,180.0,0.9,1.7,0.9
30ca9d,Custom_Model,,12.728487,1.56508565,-14.7999163,9.13087e-06,179.975235,180.0,1.1635896,1.67694032,1.1635896
f5cbe8,Custom_Model,,13.7024469,1.565004,-14.8099127,-0.0032612572,179.970963,179.9847,1.1635896,1.67694032,1.1635896
6f02e0,Custom_Model,,14.6797628,1.56508565,-14.806098,4.08665255e-06,179.999771,180.0,1.1635896,1.67694032,1.1635896
cb8347,Custom_Model,,15.6616583,1.56508577,-14.8049307,1.0563338e-05,180.028259,180.0,1.1635896,1.67694032,1.1635896
ab17c5,Custom_Model,,2.5835588,1.56565773,-1.122817,1.07620945e-05,180.027634,180.0,0.9,1.7,0.9
1b7383,Custom_Model,,0.955659032,1.56508648,-1.74322045,6.687741e-06,180.0,-8.046377e-07,1.1635896,1.67694032,1.1635896
827880,Custom_Model,,-0.0244800244,1.56508672,1.37719667,4.950173e-06,179.996536,180.0,1.1635896,1.67694032,1.1635896
4aeb4b,Custom_Model,,-8.867291,1.56565762,-3.49266,1.17540494e-05,180.019379,180.0,0.9,1.7,0.9
e54e25,Custom_Model,,-3.02291322,1.56508636,-5.312897,2.30718774e-06,180.000061,180.0,1.1635896,1.67694032,1.1635896
9c5430,Custom_Model,,14.67051,1.56508553,-17.09929,1.09336233e-05,180.003876,180.0,1.1635896,1.67694032,1.1635896
3275e6,Custom_Model,,-4.10540247,1.5650574,-7.241265,-0.00112136744,179.970581,179.99469,1.1635896,1.67694032,1.1635896
ace0fd,Custom_Model,,15.6462107,1.56499815,-17.09209,-0.00348245865,180.034027,179.983612,1.1635896,1.67694032,1.1635896
db48d9,Custom_Model,,17.6232357,1.56508553,-17.0937653,1.03700722e-05,179.978363,180.0,1.1635896,1.67694032,1.1635896
436948,Custom_Model,,16.6222229,1.56499112,-17.0935936,-0.00375256874,180.013474,179.982376,1.1635896,1.67694032,1.1635896
f94ec1,Custom_Model,,15.70799,1.6483978,-17.1393833,0.0100253969,180.026962,180.0161,0.9,1.7,0.9
481de1,Custom_Model,,15.7118673,1.73237181,-17.13837,0.00491974223,180.010712,180.051239,0.9,1.7,0.9
6bb544,Custom_Model,,16.7105064,1.64838517,-17.1513557,0.010062784,179.987366,180.018646,0.9,1.7,0.9
4083da,Custom_Model,,16.7140446,1.73235929,-17.1427383,0.0032625983,179.988342,180.05397,0.9,1.7,0.9
5184ed,Custom_Model,,16.245924,1.64842,-12.5636978,-0.000522217655,180.01384,179.976013,0.9,1.7,0.9
7be022,Custom_Model,,16.2455845,1.73237479,-12.5645514,359.99054,180.019135,179.997009,0.9,1.7,0.9
acb750,Custom_Model,,18.0166283,1.59467041,4.49786329,0.000261285721,179.98175,180.000122,0.9,1.7,0.9
b9981e,Custom_Model,,10.7025652,1.56565785,-0.07623747,1.09120529e-05,179.985916,180.0,0.9,1.7,0.9
96ceef,Custom_Model,,21.903183,1.59467244,-1.87534571,0.000361824874,179.990814,180.000122,0.9,1.7,0.9
7d40d0,Custom_Model,,20.0366268,1.59467,-4.46489048,0.0002670464,180.013458,180.000122,0.9,1.7,0.9
682cd5,Custom_Model,,13.5087042,1.565658,2.176262,1.22526808e-05,180.03006,180.0,0.9,1.7,0.9
d485fd,Custom_Model,,7.56289053,1.565657,-13.3167019,9.365939e-06,179.999222,180.0,0.9,1.7,0.9
9f8e12,Custom_Model,,5.34671736,1.565657,-11.8623657,5.72347835e-06,180.0067,180.0,0.9,1.7,0.9
a8834e,Custom_Model,,7.71638441,1.56565535,-10.365509,-9.332533e-05,179.984055,179.9995,0.9,1.7,0.9
9f199e,Custom_Model,,11.6777868,1.5656575,-5.798484,8.265124e-06,179.990143,180.0,0.9,1.7,0.9
2d0c84,Custom_Model,,14.3138008,1.56565762,-3.17602682,5.75787362e-06,180.008118,180.0,0.9,1.7,0.9
1a1ee5,Custom_Model,,11.8026495,1.56565785,0.9520266,7.65722e-06,180.012665,180.0,0.9,1.7,0.9
2891e4,Custom_Model,,17.5581913,1.56565773,-2.33070517,1.30745193e-05,179.966827,180.0,0.9,1.7,0.9
b298b7,Custom_Model,,15.4765625,1.56565809,2.731136,9.946836e-06,179.976318,180.0,0.9,1.7,0.9
3bf88c,Custom_Model,,2.91569448,1.56565726,-8.144095,8.58116346e-06,179.981491,180.0,0.9,1.7,0.9
e4bd9f,Custom_Model,,3.7002182,1.56565714,-10.5992813,9.756646e-06,179.978973,180.0,0.9,1.7,0.9
9dceff,Custom_Model,,-15.199338,1.56508672,1.73826253,6.343762e-06,180.0458,180.0,1.1635896,1.67694032,1.1635896
84f67a,Custom_Model,,-15.1249332,1.59410548,-1.89076877,-0.00123391661,179.9787,-0.00412910432,1.1635896,1.67694032,1.1635896
a676e1,Custom_Model,,-22.8876553,1.5656569,-16.4156971,1.05028994e-05,179.98735,180.0,0.9,1.7,0.9
ac4e90,Custom_Model,,-1.22022212,1.64864135,7.586031,0.000217317356,179.971542,180.000168,0.9,1.7,0.9
a14360,Custom_Model,,0.215427339,1.593316,11.3929672,0.000267647469,180.017685,180.000122,0.9,1.7,0.9
216bf6,Custom_Model_Infinite_Bag,OOS,-13.6805649,1.55072618,-13.0586491,1.11634727e-05,179.9979,4.21950347e-07,0.775001347,0.775001347,0.775001347
4be4ac,Custom_Model,,17.6143055,1.5656569,-14.9119034,9.441977e-06,179.990631,180.0,0.9,1.7,0.9
74d960,Custom_Model,,20.5144367,1.56508744,16.1134033,1.21540143e-05,180.031342,180.0,1.1635896,1.67694032,1.1635896
2cfca5,Custom_Model,,20.7774372,1.649835,14.9033127,-0.00326023,180.033234,180.002014,0.9,1.7,0.9
b80cb0,Custom_Model,,20.7752514,1.56564951,14.9007139,-0.000501163653,180.0031,179.997742,0.9,1.7,0.9
3b6aa1,Custom_Model,,19.5258064,1.56565881,16.0036888,1.195531e-05,180.028412,180.0,0.9,1.7,0.9
b5a9e4,Custom_Model,,18.5388012,1.56565881,16.0052738,6.975195e-06,179.999344,180.0,0.9,1.7,0.9
c735d7,Custom_Model,,-17.4162769,1.54009736,15.1758947,1.2620766e-05,15.0155993,1.35873286e-08,0.7500004,0.7500004,0.7500004
06fc8f,Custom_Model,,-17.2054138,1.51499033,8.267785,1.62984566e-06,299.99176,5.70660234e-07,0.9250005,0.9250005,0.9250005
be38e0,Custom_Model,VP Marker,-25.8984585,1.55079484,3.930428,6.552875e-06,180.0,180.0,1.0999999,1.0999999,1.0999999
8e5966,Custom_Model,,-9.322228,1.54707778,-16.6278381,7.342311e-06,180.011185,180.0,0.950001538,0.950001538,0.950001538
79d703,Custom_Model,,-14.777276,1.54707992,17.1464119,7.897952e-06,180.0,180.0,0.950001538,0.950001538,0.950001538
dc0e2f,Custom_Model,,13.7444992,1.64839792,-14.8654957,0.01346541,180.016953,180.0145,0.9,1.7,0.9
4ee1f2,Custom_Model,,-0.0141260978,-9.077028,0.00298372586,0.0,-0.00189453643,0.0,3.0,1.0,3.0
06673b,Custom_Model,,-20.0992813,1.54009688,7.4842906,-1.83192878e-05,255.005981,9.842578e-06,0.7500004,0.7500004,0.7500004
b6b949,Custom_Model_Infinite_Bag,,-13.0929337,1.54391313,-13.0551014,-5.008956e-06,180.0,180.0,0.775001645,0.775001645,0.775001645
481e19,Custom_Model,COMBINED WAR STATUS Marker,25.91654,1.55141413,-17.006506,0.000169516046,180.024963,9.597074e-05,1.12499976,1.12499976,1.12499976
b5330c,Custom_Model,,15.7752438,1.56508732,11.5199938,1.89303573e-05,180.004623,180.0,1.1635896,1.67694032,1.1635896
b1fa69,Custom_Model,,11.7139616,1.62134266,12.6026459,359.9931,179.984451,179.90863,0.850001633,0.850001633,0.850001633
dd11ec,Custom_Model,,18.6096058,1.54460239,12.6401205,7.457013e-06,180.0013,180.0,0.850001633,0.850001633,0.850001633
f45dde,Custom_Model,,17.6075153,1.54460239,12.6165657,1.24939634e-05,179.967789,180.0,0.850001633,0.850001633,0.850001633
007f58,Custom_Model,,21.5459366,1.54460239,12.6174831,6.985012e-06,180.000046,180.0,0.850001633,0.850001633,0.850001633
fcaaa7,Custom_Model,,13.14878,1.54460251,14.92355,7.775378e-06,179.9977,180.0,0.850001633,0.850001633,0.850001633
aad729,Custom_Model,,14.0746336,1.54460251,14.9347658,1.28911706e-05,179.988113,180.0,0.850001633,0.850001633,0.850001633
03f784,Custom_Model,,19.5810585,1.54460239,12.61908,6.777441e-06,179.999954,180.0,0.850001633,0.850001633,0.850001633
dcebb7,Custom_Model,,16.9016647,1.54460239,13.6972332,6.62031243e-06,179.9867,180.0,0.850001156,0.850001156,0.850001156
d8cea0,Custom_Model,,13.6198063,1.54460263,17.222229,9.219851e-06,180.0,180.0,0.850001633,0.850001633,0.850001633
424128,Custom_Model,,15.1747618,1.544601,-11.3786106,1.03367474e-05,179.978455,180.0,0.850001633,0.850001633,0.850001633
93a82d,Custom_Model,,16.16084,1.544601,-11.3843622,1.411788e-05,180.000015,180.0,0.850001633,0.850001633,0.850001633
e98932,Custom_Model,,16.6327477,1.54460084,-13.6631212,8.421142e-06,179.998962,180.0,0.850001633,0.850001633,0.850001633
153141,Custom_Model,,13.6857548,1.54460073,-13.6725683,9.292105e-06,179.9989,180.0,0.850001633,0.850001633,0.850001633
73c3b4,Custom_Model,,18.8073711,1.54460073,-15.9812746,5.019024e-06,180.021469,180.0,0.850001633,0.850001633,0.850001633
0e8ea2,Custom_Model,,16.5275822,1.54460073,-15.9850845,1.14834329e-05,180.0306,180.0,0.850001633,0.850001633,0.850001633
cca966,Custom_Model,,14.6750355,1.54460239,12.6121635,9.770948e-06,179.999039,180.0,0.850001633,0.850001633,0.850001633
159982,Custom_Model,,13.6930685,1.54460251,12.6293573,5.38097629e-06,179.998978,180.0,0.850001633,0.850001633,0.850001633
e952ed,Custom_Model,,-16.7013626,1.67692924,-2.491815,359.9708,179.9979,180.001068,0.9,1.7,0.9
0e8757,Custom_Model,,10.4027805,1.58299243,-17.2013035,-0.00314377667,180.0007,179.998627,0.850001633,0.850001633,0.850001633
d56e94,Custom_Model,,-16.8704243,1.56841314,5.63039,2.07689118e-06,179.999786,180.0,0.8840016,1.81121242,0.8840016
ae570a,Custom_Model_Bag,,-37.12781,1.41760206,-10.79226,-1.21499284e-07,180.0,-3.43973028e-08,5.292051,0.0262626689,7.160279
aeeadc,Custom_Model,,20.56217,1.54460251,12.6158257,8.399541e-06,179.999954,180.0,0.850001633,0.850001633,0.850001633
41b12f,Custom_Model,,19.0939655,1.544601,-11.384717,9.691072e-06,180.000122,180.0,0.850001633,0.850001633,0.850001633
912818,Custom_Model,,14.9870749,1.54460084,-15.9856567,1.925578e-05,180.330414,180.000015,0.850001633,0.850001633,0.850001633
5f8e2a,Custom_Model,,21.8817253,1.54583919,-17.20043,7.62968648e-06,179.987091,-6.53846143e-07,0.900000036,0.900000036,0.900000036
def143,Custom_Model,Russian Capitulation Marker,-25.9388466,1.5495553,-12.8231039,1.7340185e-06,180.012222,180.0,1.05,1.05,1.05
14097a,Custom_Model,,20.5680332,1.54583931,-13.6845942,7.36634865e-06,180.0,180.0,0.900000036,0.900000036,0.900000036
8409e8,Custom_Model,Influenza Marker,25.8731117,1.54460239,12.7391844,1.17153841e-05,179.988983,180.0,0.8500015,0.8500015,0.8500015
fe58bd,Custom_Model,,-13.1373262,1.54584122,17.1431389,7.21609069e-07,180.0,180.0,0.9000016,0.9000016,0.9000016
bfd41f,Custom_Model_Bag,,37.30479,1.41760206,-10.3751354,8.46073149e-08,180.0,8.481295e-08,5.29205275,0.0262626763,7.160282
8104c4,Custom_Model,,88.47815,2.33492,50.2174339,0.4342739,194.972488,-0.000572438235,0.250000358,0.250000358,0.250000358
fb80cd,Custom_Model,,0.8956573,0.0103800911,-0.76825273,359.580048,14.87968,359.8884,0.807692468,0.8076923,0.807692468
49fcad,Custom_Model,,84.65435,2.45954156,46.78962,0.00563287828,284.964417,0.25967446,0.375001,0.375001,0.375001
0acd25,Custom_Model,,0.262173653,-0.249535486,0.634282351,359.885864,330.055145,359.796234,0.567567468,0.5675674,0.567567468
f7ec21,Custom_Model,,89.14438,2.34084225,50.0282,-0.0003760437,239.986481,-0.000203564545,0.3000002,0.3000002,0.3000002
eb584e,Custom_Model,,89.62209,2.340808,49.8707848,-0.000251649879,239.97699,-0.000228394463,0.3000002,0.3000002,0.3000002
dfa301,Custom_Model,CP Action 1,-4.287474,1.54398143,-16.3372173,1.17068494e-05,179.965881,180.0,0.825001538,0.825001538,0.825001538
57ce74,Custom_Model,,-4.960302,1.54398131,-16.34303,8.77278e-06,180.0,180.0,0.8250014,0.8250014,0.8250014
d136db,Custom_Model,CP Action 2,-3.631504,1.54398131,-16.3472271,6.627975e-06,180.0,180.0,0.825001538,0.825001538,0.825001538
3951bc,Custom_Model,CP Action 3,-2.983566,1.54398131,-16.3383427,1.36657309e-05,180.021072,180.0,0.825001538,0.825001538,0.825001538
74a7e0,Custom_Model,CP Action 4,-2.330706,1.54398143,-16.3317852,1.44546166e-05,180.02182,180.0,0.825001657,0.825001657,0.825001657
776c95,Custom_Model,CP Action 5,-1.67604482,1.54398143,-16.3250771,1.043654e-05,180.026245,180.0,0.825001538,0.825001538,0.825001538
51c7f1,Custom_Model,CP Action 6,-0.372715771,1.54398131,-16.3451118,1.11962254e-05,179.97673,180.0,0.825001538,0.825001538,0.825001538
6f2ee8,Custom_Model,AP Action 1,-7.02368259,1.54398346,17.4681511,1.21965668e-05,180.005066,180.0,0.825001538,0.825001538,0.825001538
34aa3d,Custom_Model,AP Action 2,-6.367769,1.54398334,17.4528732,4.87764328e-06,179.98317,180.0,0.825001538,0.825001538,0.825001538
d84956,Custom_Model,AP Action 3,-5.708457,1.54398334,17.4512177,7.738847e-06,179.997711,180.0,0.825001538,0.825001538,0.825001538
b1d5c4,Custom_Model,AP Action 4,-5.03859663,1.54398334,17.4579372,1.0159315e-05,179.989029,180.0,0.825001538,0.825001538,0.825001538
79fcc5,Custom_Model,AP Action 5,-4.38178158,1.54398334,17.4361629,5.02053035e-06,180.002213,180.0,0.825001538,0.825001538,0.825001538
e919eb,Custom_Model,AP Action 6,-3.07270312,1.54398334,17.4681683,7.66286848e-06,180.00235,180.0,0.825001538,0.825001538,0.825001538
bfe218,Custom_Model,,-7.688551,1.54398334,17.4642086,8.972025e-06,180.040024,180.0,0.8250014,0.8250014,0.8250014
ca97a2,Custom_Model,,5.439989,1.56565714,-10.5035038,2.11357815e-06,179.995087,180.0,0.9,1.7,0.9
d7b7af,Custom_Model,,18.559391,1.54460275,17.2188,8.02639352e-06,179.99704,180.0,0.850001633,0.850001633,0.850001633
3597ed,Custom_Model,,20.5328312,1.54460275,17.2348633,7.59719433e-06,179.999435,-2.928548e-07,0.850001633,0.850001633,0.850001633
433697,Custom_Model,,10.384347,1.54460061,-15.9692717,8.761131e-06,180.0,180.0,0.850001633,0.850001633,0.850001633
af955e,Custom_Model,,18.6083565,1.54460084,-13.6871653,9.933132e-06,180.0,180.0,0.850001633,0.850001633,0.850001633
d335b9,Custom_Model,,10.3744936,1.54460263,14.93825,5.028302e-06,180.01088,180.0,0.850001633,0.850001633,0.850001633
29c762,Custom_Model,GE:RP,24.86113,1.57150817,-12.5111494,359.950958,134.978836,0.0608916581,0.6500019,0.6500019,0.6500019
dbba19,Custom_Model,TU:RP,7.71667576,1.62386036,-10.3651094,-0.00234696,134.999969,-0.001169015,0.6500019,0.6500019,0.6500019
ef55ec,Custom_Model,BU:RP,12.9616909,1.61258435,-13.5997324,359.9852,135.049942,0.21607542,0.6500019,0.6500019,0.6500019
eaaa16,Custom_Model,TU:REOVLT,24.3083572,1.53964651,-11.6364107,8.72583951e-06,224.9852,180.0,0.6500019,0.6500019,0.6500019
38a1e2,Custom_Model,AH:REVOLT,-25.9217567,1.61749947,-16.154,0.00131327531,224.987076,179.9974,0.6500019,0.6500019,0.6500019
d33bfe,Custom_Model,AL:RP,23.7722073,1.53973269,-13.0324936,-0.002301035,135.115784,359.969269,0.6500019,0.6500019,0.6500019
b2e52d,Custom_Model,BR:RP,23.7613335,1.57593429,-12.7826862,350.6768,134.789917,0.32784462,0.6500019,0.6500019,0.6500019
b5be83,Custom_Model,FR:RP,23.7742062,1.5766114,-12.5088511,350.6635,134.790161,0.468321741,0.6500019,0.6500019,0.6500019
17afc5,Custom_Model,RU:RP,23.673027,1.53964651,-11.6377964,1.0022226e-05,135.0156,-3.46880569e-07,0.6500019,0.6500019,0.6500019
8b450f,Custom_Model,US:ENTRY (Lusitania) / US:RP,26.2090034,1.58151817,17.2091846,359.969849,224.97464,180.005753,0.650001943,0.650001943,0.650001943
8f6fb5,Custom_Model,RU:REVOLT,23.8787,1.53964639,-13.7387218,4.38698e-06,225.000839,180.0,0.6500019,0.6500019,0.6500019
5b9741,Custom_Model,IT:REVOLT,13.0004883,1.70755732,13.7203846,359.972839,225.030533,179.97493,0.6500019,0.6500019,0.6500019
bc77d6,Custom_Model,IT:RP,12.3050013,1.70758533,13.7182245,359.992249,134.9979,0.0519888625,0.6500019,0.6500019,0.6500019
a36182,Custom_Model,,-9.330808,1.54707789,-17.4799976,8.747816e-06,180.002289,180.0,0.950001538,0.950001538,0.950001538
a11da4,Custom_Model,,-8.767976,1.54707992,17.1174221,7.083238e-06,179.99852,180.0,0.950001538,0.950001538,0.950001538
050f6d,Custom_Model,,-0.6194869,1.56565845,9.916774,1.38270225e-05,179.975449,180.0,0.9,1.7,0.9
2f91f9,Custom_Model,,-15.7538061,1.56565762,-5.493276,9.093055e-06,179.971436,180.0,0.9,1.7,0.9
cb691a,Custom_Model,,11.2151594,1.544601,-11.4141064,1.42609906e-05,180.010239,180.0,0.850001633,0.850001633,0.850001633
03f05f,Custom_Model,,10.7291613,1.54460239,12.6192865,5.78943855e-06,180.000076,180.0,0.850001633,0.850001633,0.850001633
f64cec,Custom_Model,,-15.9053812,1.67640841,0.45505175,0.0130239073,180.014618,180.045853,1.1635896,1.67694032,1.1635896
0bbd2c,Custom_Model,,-15.9053326,1.59363365,0.453076333,0.004151453,179.99556,180.015411,1.1635896,1.67694032,1.1635896
f953e0,Custom_Model,,-19.3227825,1.51,0.665415347,-2.58131113e-05,269.997375,-7.109041e-06,0.2054014,0.08876389,0.142755449
36bd87,Custom_Model,,-0.00706023071,-8.836999e-06,8.195626,-3.422939e-05,179.9851,-8.53616348e-06,0.999999762,0.99999994,0.999999762
c5282a,Custom_Model,,-16.1342182,1.51,-2.49852777,-3.32187119e-05,269.9972,-3.68669243e-05,0.2054014,0.08876389,0.142755449
30382c,Custom_Model,,-0.00740555,-5.5891187e-06,8.195808,-3.757685e-05,179.985092,-1.51385448e-05,0.99999994,0.99999994,1.0
6784de,Custom_Model,,-16.69973,1.51,-0.0229372941,-6.79131335e-06,269.999573,-2.12854738e-05,0.2054014,0.08876389,0.142755449
c03961,Custom_Model,,-0.007962707,-5.16477257e-06,8.195995,-3.06457077e-05,179.985077,-2.77656341e-06,0.99999994,0.99999994,1.0
81b245,Custom_Model,,-14.1904373,1.51,-0.5447726,-2.11139167e-07,269.9976,-3.046656e-05,0.2054014,0.08876389,0.142755449
1545e8,Custom_Model,,-0.0103805391,-2.47208135e-07,8.230748,-1.677992e-05,179.984756,-3.70859652e-06,0.99999994,0.99999994,0.99999994
31ac48,Custom_Model,,-2.20016623,1.51,7.93098259,-2.217545e-06,269.990875,-2.847109e-05,0.2054014,0.08876389,0.142755449
1545e8,Custom_Model,,-0.0103805391,-2.47208135e-07,8.230748,-1.677992e-05,179.984756,-3.70859652e-06,0.99999994,0.99999994,0.99999994
da5932,Custom_Model,,-11.2893543,1.51,-3.36214876,-5.995752e-06,269.830078,-4.828663e-05,0.2054014,0.08876389,0.142755449
281c8c,Custom_Model,,-0.009332389,-3.902791e-06,8.194206,-3.790863e-05,179.985443,-1.28286274e-05,0.999999762,0.99999994,0.999999762
7887b4,Custom_Model,,-7.837882,1.51,-5.34936666,-3.83355928e-06,269.981476,-4.54401452e-05,0.2054014,0.08876389,0.142755449
281c8c,Custom_Model,,-0.009332389,-3.902791e-06,8.194206,-3.790863e-05,179.985443,-1.28286274e-05,0.999999762,0.99999994,0.999999762
962312,Custom_Model,,-5.597348,1.51,4.325411,-3.83297765e-06,269.997375,-4.25506223e-05,0.2054014,0.08876389,0.142755449
74a343,Custom_Model,,-0.0151279839,-1.41084044e-07,8.104353,-3.73544462e-05,179.985153,-9.35049047e-06,0.99999994,0.99999994,1.0
f87137,Custom_Model,,-4.64609432,1.51,5.65154028,-8.339743e-06,269.9967,-4.17583142e-05,0.2054014,0.08876389,0.142755449
74a343,Custom_Model,,-0.0151279839,-1.41084044e-07,8.104353,-3.73544462e-05,179.985153,-9.35049047e-06,0.99999994,0.99999994,1.0
f4c489,Custom_Model,,-4.097027,1.51,7.10141659,-9.667768e-06,269.99762,-4.6343117e-05,0.2054014,0.08876389,0.142755449
74a343,Custom_Model,,-0.0151279839,-1.41084044e-07,8.104353,-3.73544462e-05,179.985153,-9.35049047e-06,0.99999994,0.99999994,1.0
40df7b,Custom_Model,,-2.62197065,1.51,0.746656239,8.715825e-06,269.974457,1.45638915e-05,0.2054014,0.08876389,0.142755449
855bde,Custom_Model,,-0.009006798,-2.94017013e-06,8.19422,-3.81998725e-05,179.98555,-1.46851644e-05,0.99999994,0.99999994,0.99999994
a4a3f6,Custom_Model,,0.56250304,1.51,1.40688455,-1.00267189e-05,269.982178,-3.72963841e-05,0.2054014,0.08876389,0.142755449
281c8c,Custom_Model,,-0.009332389,-3.902791e-06,8.194206,-3.790863e-05,179.985443,-1.28286274e-05,0.999999762,0.99999994,0.999999762
2f24d8,Custom_Model,,-1.27811193,1.51,-6.71541643,1.66270675e-05,269.9982,1.0485659e-05,0.2054014,0.08876389,0.142755449
c76011,Custom_Model,,-0.00288270973,7.335213e-06,9.108767,2.28053741e-05,179.9851,-5.720666e-06,0.999999762,0.99999994,0.999999762
cc477c,Custom_Model,,-1.29897547,1.51,2.373931,-2.55699651e-05,269.998138,-4.389164e-05,0.2054014,0.08876389,0.142755449
88d5a0,Custom_Model,,-0.007381755,-6.336856e-06,8.151383,-3.57382742e-05,179.985062,-2.93773064e-05,0.99999994,0.99999994,1.0
42edb0,Custom_Model,,0.989150763,1.51,4.24286842,-2.32150414e-05,269.977631,-2.95829977e-05,0.2054014,0.08876389,0.142755449
88d5a0,Custom_Model,,-0.007381755,-6.336856e-06,8.151383,-3.57382742e-05,179.985062,-2.93773064e-05,0.99999994,0.99999994,1.0
e24cec,Custom_Model,,-0.7475128,1.51,5.428524,-2.26420379e-05,269.977966,-3.43672182e-05,0.2054014,0.08876389,0.142755449
88d5a0,Custom_Model,,-0.007381755,-6.336856e-06,8.151383,-3.57382742e-05,179.985062,-2.93773064e-05,0.99999994,0.99999994,1.0
aa69f2,Custom_Model,,1.22008109,1.51,6.90189075,-1.98306734e-05,269.998535,-3.905944e-05,0.2054014,0.08876389,0.142755449
88d5a0,Custom_Model,,-0.007381755,-6.336856e-06,8.151383,-3.57382742e-05,179.985062,-2.93773064e-05,0.99999994,0.99999994,1.0
d33461,Custom_Model,,0.819955945,1.51,8.544077,-1.30635035e-05,270.0099,-5.1e-05,0.2054014,0.08876389,0.142755449
88d5a0,Custom_Model,,-0.007381755,-6.336856e-06,8.151383,-3.57382742e-05,179.985062,-2.93773064e-05,0.99999994,0.99999994,1.0
4fec30,Custom_Model,,0.7939945,1.51,11.38869,-3.283542e-05,269.996948,-2.47558364e-05,0.2054014,0.08876389,0.142755449
cbcd94,Custom_Model,,-0.007966771,-1.7138633e-06,8.15123,-2.1233287e-05,179.985611,-8.890938e-06,0.99999994,0.99999994,1.0
13443c,Custom_Model,,8.440165,1.51,-1.892929,-3.437756e-05,269.9964,-3.254163e-05,0.2054014,0.08876389,0.142755449
cbcd94,Custom_Model,,-0.007966771,-1.7138633e-06,8.15123,-2.1233287e-05,179.985611,-8.890938e-06,0.99999994,0.99999994,1.0
e901d4,Custom_Model,,-15.3234539,1.51,0.440763563,-1.00456589e-06,269.9972,-3.590866e-05,0.2054014,0.08876389,0.142755449
1545e8,Custom_Model,,-0.0103805391,-2.47208135e-07,8.230748,-1.677992e-05,179.984756,-3.70859652e-06,0.99999994,0.99999994,0.99999994
af15f0,Custom_Model,,2.32354116,1.51,2.645631,-2.20809852e-05,269.998627,2.40506e-05,0.2054014,0.08876389,0.142755449
88d5a0,Custom_Model,,-0.007381755,-6.336856e-06,8.151383,-3.57382742e-05,179.985062,-2.93773064e-05,0.99999994,0.99999994,1.0
15b7fa,Custom_Model,,15.4610119,1.51,7.46537542,1.66211612e-05,269.997925,1.06930038e-05,0.2054014,0.08876389,0.142755449
b3307b,Custom_Model,,-0.00253738812,-1.58198623e-06,7.24708128,-1.34678412e-05,179.985046,-2.12529721e-05,0.999999762,0.99999994,0.999999762
e1ed20,Custom_Model,VP Marker,23.506815,1.53716922,-14.3697538,8.840113e-06,179.999985,180.0,0.55000037,0.55000037,0.55000037
71648b,Custom_Model,VP Marker,-24.3388577,1.53407443,14.8675871,7.976991e-06,179.992523,180.0,0.4250004,0.4250004,0.4250004
bab95f,Custom_Model,,-16.6099,1.51,3.83956337,-1.60681757e-05,270.008728,-2.51867787e-05,0.20953539,0.08876389,0.135071144
a375af,Custom_Model,,0.0553026274,-1.90645e-06,8.398306,-2.71384761e-05,179.9798,-1.35525279e-05,1.0,0.99999994,0.9999998
af5a65,Custom_Model,,-0.5337588,1.52554262,12.13406,-1.54365971e-05,135.00061,-9.536237e-06,0.20953539,0.08876389,0.135071144
d9a8d3,Custom_Model,,-16.87854,1.52554226,6.519045,-5.023381e-06,180.008087,-4.022878e-06,0.20953539,0.08876389,0.135071144
95d028,Custom_Model,,7.74800348,1.52554131,-9.402636,-6.458118e-06,180.008133,-1.01463465e-05,0.20953539,0.08876389,0.135071144
9503e9,Custom_Model,,4.585901,1.52554119,-11.9969664,-1.39794383e-05,359.9912,-7.35556659e-06,0.20953539,0.08876389,0.135071144
6eecde,Custom_Model,,-5.224677,1.51,2.620615,1.64209041e-07,270.247925,-2.62973645e-05,0.2054014,0.08876389,0.142755449
59742c,Custom_Model,,-0.028889183,-4.969612e-06,9.174394,-3.59430342e-05,179.73436,-6.311932e-06,1.00000656,0.99999994,0.999990463
96a2dd,Custom_Model,,-3.2222054,1.5960964,0.7041249,0.000256915839,180.016,180.000092,0.9,1.7,0.9
db3205,Custom_Model,,-1.48178911,1.51,3.98138952,-2.33752417e-05,269.997131,-1.5241324e-05,0.2054014,0.08876389,0.142755449
ee15e3,Custom_Model,,-0.00769747747,-7.9159845e-06,8.151317,-4.0785173e-05,179.985062,-2.35171738e-05,0.99999994,0.99999994,1.0
203aa8,Custom_Model,OHL:EAST,-14.8345938,1.53964627,-16.608429,1.19087317e-05,225.019852,180.0,0.6500019,0.6500019,0.6500019
40aa47,Custom_Model,AH:RP,24.845808,1.53966308,-12.7433767,-0.000853510632,135.009872,-0.00504885847,0.6500019,0.6500019,0.6500019
feb9c1,Custom_Model,AP HOMEFRONT DRM,27.1940422,1.53965914,-16.9589653,0.008191454,225.069611,179.996933,0.6500003,0.6500003,0.6500003
0aff63,Custom_Model,CP HOMEFRONT DRM,26.8920422,1.5702883,-16.9441,0.138762265,224.862732,172.02005,0.6500003,0.6500003,0.6500003
413d41,Custom_Model,,21.4781933,1.54460275,17.230566,1.03505072e-05,179.99791,180.0,0.850001633,0.850001633,0.850001633
6b643e,Custom_Model,,17.5662346,1.54460263,17.2194424,6.00020167e-06,180.0,180.0,0.850001633,0.850001633,0.850001633
2055c9,Custom_Model,,12.64746,1.54460263,17.2201481,7.39798134e-06,180.0,180.0,0.850001633,0.850001633,0.850001633
9e801c,Custom_Model,,10.6725645,1.54460275,17.2223625,9.916064e-06,180.0008,180.0,0.850001633,0.850001633,0.850001633
cbbce3,Custom_Model,,15.9569654,1.54460263,14.9293413,9.968415e-06,180.0,180.0,0.850001633,0.850001633,0.850001633
dc1db5,Custom_Model,,14.9922333,1.54460251,14.93758,9.57049e-06,179.969727,-1.52954726e-06,0.850001633,0.850001633,0.850001633
6b58ac,Custom_Model,,17.8507423,1.54460251,14.9353247,1.061048e-05,179.997482,180.0,0.850001633,0.850001633,0.850001633
d94a0c,Custom_Model,,12.7202635,1.54437435,-13.6734915,359.988129,180.000565,179.942749,0.850001633,0.850001633,0.850001633
885e38,Custom_Model,,11.72698,1.54460073,-14.9041424,1.21965722e-05,179.9675,180.0,0.850001633,0.850001633,0.850001633
8c7eff,Custom_Model,,14.6714134,1.54460073,-13.6715746,1.0076722e-05,180.020432,180.0,0.850001633,0.850001633,0.850001633
91ce87,Custom_Model,,11.1549273,1.54460061,-15.983551,1.01166434e-05,179.986832,180.0,0.850001633,0.850001633,0.850001633
c42900,Custom_Model,,12.7009058,1.54459608,-16.0099926,-0.0002485081,179.993744,179.99881,0.850001633,0.850001633,0.850001633
93a14b,Custom_Model,,13.4638453,1.54460084,-15.9804106,4.808363e-06,179.999924,180.0,0.850001633,0.850001633,0.850001633
d93902,Custom_Model,,14.2211761,1.54459882,-15.99687,-0.000102123493,179.998642,179.9995,0.850001633,0.850001633,0.850001633
75958a,Custom_Model,,15.7617264,1.54460073,-15.98669,9.538005e-06,180.0,180.0,0.850001633,0.850001633,0.850001633
f407d1,Custom_Model,,17.2823162,1.54460073,-15.9820375,1.527627e-05,180.032608,180.0,0.850001633,0.850001633,0.850001633
3cfefc,Custom_Model,,19.58371,1.5452199,-15.9960194,5.931216e-06,180.026718,180.0,0.87500006,0.87500006,0.87500006
e9f430,Custom_Model,,20.343668,1.54460073,-15.9887924,1.06421257e-05,180.0,180.0,0.850001633,0.850001633,0.850001633
59536d,Custom_Model,US NEUTRALITY,-25.9118385,1.54460239,14.1212263,2.30571618e-06,179.999863,180.0,0.8500003,0.8500003,0.8500003
d379e4,Custom_Model,CP WAR STATUS Marker,26.2237778,1.65054321,-17.0688648,0.04952014,180.016724,180.12326,0.975,0.975,0.975
7f2c0d,Custom_Model,AP WAR STATUS Marker,26.0593586,1.60290062,-17.0503826,0.00903924648,180.026047,180.04509,0.975,0.975,0.975
dceefd,Custom_Model,STOSSTRUPPEN,-26.7002754,1.55079484,3.900854,1.16174615e-05,180.011932,180.0,1.0999999,1.0999999,1.0999999
29af4b,Custom_Model,TANKS,-27.5113049,1.519335,3.89287734,0.00346477516,180.023972,170.587875,1.0999999,1.0999999,1.0999999
07070d,Custom_Model,GE:REVOLT,14.43049,1.58175123,-16.1091766,0.0008757456,225.005524,180.000565,0.6500019,0.6500019,0.6500019
15e12e,Custom_Model,,-25.9030685,1.549555,-16.9727039,8.647922e-06,180.0,-2.04850721e-06,1.05000019,1.05000019,1.05000019
86ca0e,Custom_Model,BU:REVOLT,12.9552116,1.58077443,-13.6118717,359.86792,225.012909,180.003036,0.6500019,0.6500019,0.6500019
1fbd12,Custom_Model,FR:REVOLT,12.89569,1.58174014,-15.8714657,-0.00175638357,224.985428,179.997009,0.6500019,0.6500019,0.6500019
12f5b7,Custom_Model,Hindenburg Line Marker,10.3992586,1.54274285,-17.2060165,-5.98392944e-06,224.990265,180.0,0.775001645,0.775001645,0.775001645
da1804,Custom_Model_Infinite_Bag,CP Entrench Marker,-14.43701,1.54391313,-13.8303223,1.218677e-05,224.999985,8.613069e-06,0.775001645,0.775001645,0.775001645
6c8952,Custom_Model_Infinite_Bag,AP Entrench Marker,-14.4437313,1.54391313,-13.0086956,9.362582e-06,224.999985,5.975204e-06,0.775001645,0.775001645,0.775001645
2421dd,Custom_Model_Infinite_Bag,AP Entrench Marker,24.546587,1.423669,20.4015388,-1.11188271e-07,225.208572,180.0,0.775001645,0.775001645,0.775001645
8fd279,Custom_Model_Infinite_Bag,CP Entrench Marker,23.7413483,1.423669,20.4214954,-5.43729641e-07,225.208572,180.0,0.775001645,0.775001645,0.775001645
58f92e,Custom_Model_Infinite_Bag,,25.3220539,1.423669,20.42008,1.2418964e-07,180.20459,180.0,0.775001645,0.775001645,0.775001645
1da6cd,Custom_Model_Infinite_Bag,OOS,26.6850471,1.42800415,20.3504658,-8.023598e-07,180.20459,180.0,0.9500013,0.9500013,0.9500013
0cb157,Custom_Model,,10.9415617,1.52522862,-1.22125685,0.0001217146,270.0127,1.93209089e-05,0.203877,0.07481791,0.136931539
05c89f,Custom_Model,,-0.00112849381,8.73325553e-06,8.061783,-3.77372926e-05,180.005875,-4.62433381e-05,1.0,1.0,1.0
4e4006,Custom_Model,,20.5862312,1.51,-4.48897028,-3.06339134e-05,270.011932,2.62199846e-05,0.203877,0.07481791,0.136931539
5ddf25,Custom_Model,,-0.00112498552,7.05852153e-06,8.061784,0.0007777586,180.005875,0.00029861962,1.0,1.0,1.0
3ebcdd,Custom_Model,,21.5953331,1.51,-3.74149013,-5.72335266e-05,270.011963,-1.29736509e-05,0.203877,0.07481791,0.136931539
5ddf25,Custom_Model,,-0.00112498552,7.05852153e-06,8.061784,0.0007777586,180.005875,0.00029861962,1.0,1.0,1.0
34199b,Custom_Model,,22.77146,1.51,-3.13270617,0.000141468277,270.0127,0.0005086506,0.203877,0.07481791,0.136931539
05c89f,Custom_Model,,-0.00112849381,8.73325553e-06,8.061783,-3.77372926e-05,180.005875,-4.62433381e-05,1.0,1.0,1.0
084784,Custom_Model,,12.2327652,1.54460251,14.9193277,9.917643e-06,180.027939,180.0,0.850001633,0.850001633,0.850001633
18a8e0,Custom_Model,,21.6262569,1.51,7.4794035,0.000120911711,270.0128,0.000504971656,0.203877,0.07481791,0.136931539
05c89f,Custom_Model,,-0.00112849381,8.73325553e-06,8.061783,-3.77372926e-05,180.005875,-4.62433381e-05,1.0,1.0,1.0
c52b1e,Custom_Model,,12.36683,1.51,0.93455,3.59337864e-05,270.0144,2.78740764e-08,0.203877,0.07481791,0.136931539
05c89f,Custom_Model,,-0.00112849381,8.73325553e-06,8.061783,-3.77372926e-05,180.005875,-4.62433381e-05,1.0,1.0,1.0
4a5ea7,Custom_Model,,-16.26603,1.56503928,2.70671225,-0.000381558842,180.025345,179.998215,1.160407,1.67540336,1.160407
6c8245,Custom_Model,,-16.26603,1.64800465,2.7067256,-0.0024568853,180.01564,180.001587,1.160407,1.67540336,1.160407
64b169,Custom_Model,,-1.220199,1.56504428,7.58600235,-0.000179020848,180.00769,179.9991,1.160407,1.67540336,1.160407
aa3b2e,Custom_Model,,-16.7085571,1.592976,-2.48940921,-0.000345433917,180.000778,180.006058,0.9,1.7,0.9
4984ba,Custom_Model,,21.9029961,1.53806055,-1.87540567,-0.000188643782,180.017929,179.998962,1.19,0.5861804,1.33000016
cb8f1a,Custom_Model,Barbed Wire,0.389484555,-0.177518249,0.164175823,88.01328,89.95883,359.9574,0.06396671,0.0534042753,0.07980996
cc5357,Custom_Model,Barbed Wire,4.71938372,0.006340393,0.00254137139,359.6972,0.00109747716,0.01052075,0.99999994,0.999991953,1.00000572
148810,Custom_Model,Barbed Wire,-0.382186621,-0.174835056,0.15149495,270.545715,90.00179,-0.000358533347,0.06396671,0.0614247769,0.06352233
547b53,Custom_Model,Barbed Wire,4.71869659,-0.002682865,0.0498695,356.7489,0.006176779,359.9912,1.0,1.00036585,0.9995872
4a2bf8,Custom_Model,,14.901104,1.64871252,13.7170057,0.00148145948,180.0326,180.000854,0.9,1.7,0.9
3fd49a,Custom_Model,,13.9390249,1.64871693,13.7116146,-0.00168927119,180.030777,179.99791,0.9,1.7,0.9
c5452b,Custom_Model,,-16.48698,1.67504382,-1.16514564,359.994171,180.023071,180.046432,1.1635896,1.67694032,1.1635896
dc96ea,Custom_Model,,-12.9446878,1.56565809,5.475467,1.78591415e-06,179.995453,-8.9429227e-07,0.9,1.7,0.9
d43d41,Custom_Model,,-14.7737656,1.59409559,-0.5481247,0.00257046451,179.999084,179.9961,1.1635896,1.67694032,1.1635896
fae5de,Custom_Model,,0.268315226,1.56508708,8.548692,1.24102226e-05,180.031418,180.0,1.1635896,1.67694032,1.1635896
53414b,Custom_Model,,2.64552665,1.5650866,0.3706112,5.411783e-06,179.996552,180.0,1.1635896,1.67694032,1.1635896
0c2a52,Custom_Model,,20.1330376,1.59332585,-6.753691,9.60888647e-05,180.0292,-0.00279090833,0.9,1.7,0.9
00f13c,Custom_Model,,-13.8785095,1.54274392,2.67843938,6.829567e-06,59.98066,180.0,0.775001645,0.775001645,0.775001645
d95714,Custom_Model,,-14.4315815,1.5427438,0.6848431,3.42096587e-06,60.0270844,180.0,0.7750016,0.7750016,0.7750016
dab035,Custom_Model_Infinite_Bag,,-12.5121517,1.54391313,-13.0522785,9.459828e-06,180.000031,180.0,0.775001645,0.775001645,0.775001645
af6a6e,Custom_Model,,-3.738855,1.62569964,-7.32806253,359.992218,299.983276,179.996475,0.775001645,0.775001645,0.775001645
60f84e,Custom_Model_Infinite_Bag,,25.96921,1.423669,20.4168167,-7.3096993e-07,180.208511,180.0,0.775001645,0.775001645,0.775001645
897913,Custom_Model,,-15.91344,1.51,-1.17210686,-2.89964937e-05,269.997162,-8.015246e-06,0.2054014,0.08876389,0.142755449
30382c,Custom_Model,,-0.00740555,-5.5891187e-06,8.195808,-3.757685e-05,179.985092,-1.51385448e-05,0.99999994,0.99999994,1.0
4f0282,Custom_Model_Infinite_Bag,,-13.6051207,1.5435431,-13.8364372,1.08616705e-05,180.000046,-1.13008161e-06,1.14,0.76,1.07
b3477e,Custom_Model_Infinite_Bag,,-12.8135777,1.5435431,-13.8363953,1.05136987e-05,180.0,1.77894663e-07,1.14,0.76,1.07
b368ad,Custom_Model_Infinite_Bag,,-12.017662,1.5435431,-13.8425293,1.08093145e-05,180.0,5.18659e-07,1.14,0.76,1.07
daff63,Custom_Model_Infinite_Bag,,-11.2191639,1.54352784,-13.8422508,4.273701e-06,180.000046,-5.868712e-07,1.14,0.7593641,1.07091081
cfdecc,Custom_Model_Infinite_Bag,,24.2932377,1.42329741,19.5958252,7.820386e-08,180.20459,180.0,1.14,0.76,1.07
d90e1b,Custom_Model_Infinite_Bag,,25.0848064,1.42329741,19.59309,-1.81525877e-07,180.20459,180.0,1.14,0.76,1.07
ef92b2,Custom_Model_Infinite_Bag,,25.8806934,1.42329741,19.5840664,-4.5075177e-07,180.20459,180.0,1.14,0.76,1.07
ef9faf,Custom_Model_Infinite_Bag,,26.6791859,1.42328167,19.5814419,4.19506847e-07,180.20459,180.0,1.14,0.7593641,1.07091081
9217e2,Custom_Model,,-19.8896236,1.53737938,0.6514294,-0.000376780779,179.971878,179.998184,1.1798209,0.5588479,1.17251873
a8e581,Custom_Model,Barbed Wire,-0.41861698,-0.131959721,-0.15035297,306.222076,269.990967,180.0,0.063966684,0.062168505,0.06470518
e8cd61,Custom_Model,Barbed Wire,-0.417371243,-0.134778365,0.151498646,302.970917,270.001434,180.0,0.0639667,0.0613908619,0.0656006858
c0c081,Custom_Model,Barbed Wire,0.4124785,-0.1529814,0.164175659,88.5608749,90.00436,0.00285533583,0.0639667,0.05092713,0.07981174
981d4c,Custom_Model,Barbed Wire,0.412797958,-0.15318574,-0.137708232,88.25819,90.03965,0.04875258,0.06396669,0.050930433,0.07980509
793d2f,Custom_Model,,-17.2845154,1.53729939,-0.0359731838,-0.00354647986,179.918259,179.983459,1.1798209,0.5588479,1.17251873
a8e581,Custom_Model,Barbed Wire,-0.41861698,-0.131959721,-0.15035297,306.222076,269.990967,180.0,0.063966684,0.062168505,0.06470518
e8cd61,Custom_Model,Barbed Wire,-0.417371243,-0.134778365,0.151498646,302.970917,270.001434,180.0,0.0639667,0.0613908619,0.0656006858
c0c081,Custom_Model,Barbed Wire,0.4124785,-0.1529814,0.164175659,88.5608749,90.00436,0.00285533583,0.0639667,0.05092713,0.07981174
981d4c,Custom_Model,Barbed Wire,0.412797958,-0.15318574,-0.137708232,88.25819,90.03965,0.04875258,0.06396669,0.050930433,0.07980509
40647f,Custom_Model,,-16.48731,1.53728259,-1.16513145,-0.004148807,179.972549,179.980438,1.1798209,0.5588479,1.17251873
a8e581,Custom_Model,Barbed Wire,-0.41861698,-0.131959721,-0.15035297,306.222076,269.990967,180.0,0.063966684,0.062168505,0.06470518
e8cd61,Custom_Model,Barbed Wire,-0.417371243,-0.134778365,0.151498646,302.970917,270.001434,180.0,0.0639667,0.0613908619,0.0656006858
c0c081,Custom_Model,Barbed Wire,0.4124785,-0.1529814,0.164175659,88.5608749,90.00436,0.00285533583,0.0639667,0.05092713,0.07981174
981d4c,Custom_Model,Barbed Wire,0.412797958,-0.15318574,-0.137708232,88.25819,90.03965,0.04875258,0.06396669,0.050930433,0.07980509
90eb8b,Custom_Model,,-16.70418,1.53730929,-2.4951272,-0.00310869678,179.971283,179.985336,1.1798209,0.5588479,1.17251873
a8e581,Custom_Model,Barbed Wire,-0.41861698,-0.131959721,-0.15035297,306.222076,269.990967,180.0,0.063966684,0.062168505,0.06470518
e8cd61,Custom_Model,Barbed Wire,-0.417371243,-0.134778365,0.151498646,302.970917,270.001434,180.0,0.0639667,0.0613908619,0.0656006858
c0c081,Custom_Model,Barbed Wire,0.4124785,-0.1529814,0.164175659,88.5608749,90.00436,0.00285533583,0.0639667,0.05092713,0.07981174
981d4c,Custom_Model,Barbed Wire,0.412797958,-0.15318574,-0.137708232,88.25819,90.03965,0.04875258,0.06396669,0.050930433,0.07980509
9fd1c4,Custom_Model,,-14.7700958,1.5380615,-0.559480369,-0.000181492665,179.998672,179.99913,1.19,0.5861803,1.18077946
cb8f1a,Custom_Model,Barbed Wire,0.389484555,-0.177518249,0.164175823,88.01328,89.95883,359.9574,0.06396671,0.0534042753,0.07980996
cc5357,Custom_Model,Barbed Wire,4.71938372,0.006340393,0.00254137139,359.6972,0.00109747716,0.01052075,0.99999994,0.999991953,1.00000572
148810,Custom_Model,Barbed Wire,-0.382186621,-0.174835056,0.15149495,270.545715,90.00179,-0.000358533347,0.06396671,0.0614247769,0.06352233
547b53,Custom_Model,Barbed Wire,4.71869659,-0.002682865,0.0498695,356.7489,0.006176779,359.9912,1.0,1.00036585,0.9995872
a080b9,Custom_Model,,-15.1366358,1.53806281,-1.8901881,-0.000127597159,179.998367,179.999359,1.19,0.5861803,1.18077946
cb8f1a,Custom_Model,Barbed Wire,0.389484555,-0.177518249,0.164175823,88.01328,89.95883,359.9574,0.06396671,0.0534042753,0.07980996
cc5357,Custom_Model,Barbed Wire,4.71938372,0.006340393,0.00254137139,359.6972,0.00109747716,0.01052075,0.99999994,0.999991953,1.00000572
148810,Custom_Model,Barbed Wire,-0.382186621,-0.174835056,0.15149495,270.545715,90.00179,-0.000358533347,0.06396671,0.0614247769,0.06352233
547b53,Custom_Model,Barbed Wire,4.71869659,-0.002682865,0.0498695,356.7489,0.006176779,359.9912,1.0,1.00036585,0.9995872
648498,Custom_Model,,-3.222196,1.53877234,0.7041268,-0.0001977396,179.998444,179.999039,1.24831843,0.6149073,1.238646
cb8f1a,Custom_Model,Barbed Wire,0.389484555,-0.177518249,0.164175823,88.01328,89.95883,359.9574,0.06396671,0.0534042753,0.07980996
cc5357,Custom_Model,Barbed Wire,4.71938372,0.006340393,0.00254137139,359.6972,0.00109747716,0.01052075,0.99999994,0.999991953,1.00000572
148810,Custom_Model,Barbed Wire,-0.382186621,-0.174835056,0.15149495,270.545715,90.00179,-0.000358533347,0.06396671,0.0614247769,0.06352233
547b53,Custom_Model,Barbed Wire,4.71869659,-0.002682865,0.0498695,356.7489,0.006176779,359.9912,1.0,1.00036585,0.9995872
13f697,Custom_Model,,7.852734,1.53738284,-1.89181793,-0.000241352449,179.999878,179.99884,1.179821,0.558847964,1.17251885
a8e581,Custom_Model,Barbed Wire,-0.41861698,-0.131959721,-0.15035297,306.222076,269.990967,180.0,0.063966684,0.062168505,0.06470518
e8cd61,Custom_Model,Barbed Wire,-0.417371243,-0.134778365,0.151498646,302.970917,270.001434,180.0,0.0639667,0.0613908619,0.0656006858
c0c081,Custom_Model,Barbed Wire,0.4124785,-0.1529814,0.164175659,88.5608749,90.00436,0.00285533583,0.0639667,0.05092713,0.07981174
981d4c,Custom_Model,Barbed Wire,0.412797958,-0.15318574,-0.137708232,88.25819,90.03965,0.04875258,0.06396669,0.050930433,0.07980509
60d7a1,Custom_Model,,-2.06380677,1.5373894,3.98960018,6.061569e-06,180.000122,180.0,1.179821,0.558847964,1.17251885
a8e581,Custom_Model,Barbed Wire,-0.41861698,-0.131959721,-0.15035297,306.222076,269.990967,180.0,0.063966684,0.062168505,0.06470518
e8cd61,Custom_Model,Barbed Wire,-0.417371243,-0.134778365,0.151498646,302.970917,270.001434,180.0,0.0639667,0.0613908619,0.0656006858
c0c081,Custom_Model,Barbed Wire,0.4124785,-0.1529814,0.164175659,88.5608749,90.00436,0.00285533583,0.0639667,0.05092713,0.07981174
981d4c,Custom_Model,Barbed Wire,0.412797958,-0.15318574,-0.137708232,88.25819,90.03965,0.04875258,0.06396669,0.050930433,0.07980509
507e8c,Custom_Model,,0.215432554,1.53738368,11.3929672,-0.000244165247,180.0,179.998856,1.179821,0.558847964,1.17251885
a8e581,Custom_Model,Barbed Wire,-0.41861698,-0.131959721,-0.15035297,306.222076,269.990967,180.0,0.063966684,0.062168505,0.06470518
e8cd61,Custom_Model,Barbed Wire,-0.417371243,-0.134778365,0.151498646,302.970917,270.001434,180.0,0.0639667,0.0613908619,0.0656006858
c0c081,Custom_Model,Barbed Wire,0.4124785,-0.1529814,0.164175659,88.5608749,90.00436,0.00285533583,0.0639667,0.05092713,0.07981174
981d4c,Custom_Model,Barbed Wire,0.412797958,-0.15318574,-0.137708232,88.25819,90.03965,0.04875258,0.06396669,0.050930433,0.07980509
37d5c9,Custom_Model,,20.0366268,1.53806,-4.46489,-0.000231091864,179.999161,179.998886,1.19,0.5861803,1.18077946
cb8f1a,Custom_Model,Barbed Wire,0.389484555,-0.177518249,0.164175823,88.01328,89.95883,359.9574,0.06396671,0.0534042753,0.07980996
cc5357,Custom_Model,Barbed Wire,4.71938372,0.006340393,0.00254137139,359.6972,0.00109747716,0.01052075,0.99999994,0.999991953,1.00000572
148810,Custom_Model,Barbed Wire,-0.382186621,-0.174835056,0.15149495,270.545715,90.00179,-0.000358533347,0.06396671,0.0614247769,0.06352233
547b53,Custom_Model,Barbed Wire,4.71869659,-0.002682865,0.0498695,356.7489,0.006176779,359.9912,1.0,1.00036585,0.9995872
c01b8e,Custom_Model,,18.0166321,1.53806043,4.497865,-0.000231448736,180.000809,179.998886,1.19,0.5861803,1.18077946
cb8f1a,Custom_Model,Barbed Wire,0.389484555,-0.177518249,0.164175823,88.01328,89.95883,359.9574,0.06396671,0.0534042753,0.07980996
cc5357,Custom_Model,Barbed Wire,4.71938372,0.006340393,0.00254137139,359.6972,0.00109747716,0.01052075,0.99999994,0.999991953,1.00000572
148810,Custom_Model,Barbed Wire,-0.382186621,-0.174835056,0.15149495,270.545715,90.00179,-0.000358533347,0.06396671,0.0614247769,0.06352233
547b53,Custom_Model,Barbed Wire,4.71869659,-0.002682865,0.0498695,356.7489,0.006176779,359.9912,1.0,1.00036585,0.9995872
7925c1,Custom_Model,,20.1330414,1.53738534,-6.75369024,-0.000129830616,179.971054,179.999344,1.1798209,0.5588479,1.17251873
a8e581,Custom_Model,Barbed Wire,-0.41861698,-0.131959721,-0.15035297,306.222076,269.990967,180.0,0.063966684,0.062168505,0.06470518
e8cd61,Custom_Model,Barbed Wire,-0.417371243,-0.134778365,0.151498646,302.970917,270.001434,180.0,0.0639667,0.0613908619,0.0656006858
c0c081,Custom_Model,Barbed Wire,0.4124785,-0.1529814,0.164175659,88.5608749,90.00436,0.00285533583,0.0639667,0.05092713,0.07981174
981d4c,Custom_Model,Barbed Wire,0.412797958,-0.15318574,-0.137708232,88.25819,90.03965,0.04875258,0.06396669,0.050930433,0.07980509
d252f5,Custom_Model,,21.3659439,1.53738523,-6.627272,-0.000129686683,179.971054,179.999344,1.1798209,0.5588479,1.17251873
a8e581,Custom_Model,Barbed Wire,-0.41861698,-0.131959721,-0.15035297,306.222076,269.990967,180.0,0.063966684,0.062168505,0.06470518
e8cd61,Custom_Model,Barbed Wire,-0.417371243,-0.134778365,0.151498646,302.970917,270.001434,180.0,0.0639667,0.0613908619,0.0656006858
c0c081,Custom_Model,Barbed Wire,0.4124785,-0.1529814,0.164175659,88.5608749,90.00436,0.00285533583,0.0639667,0.05092713,0.07981174
981d4c,Custom_Model,Barbed Wire,0.412797958,-0.15318574,-0.137708232,88.25819,90.03965,0.04875258,0.06396669,0.050930433,0.07980509
8cee17,Custom_Model,,-2.79737782,1.53806674,7.94462729,7.87798e-06,179.999664,180.0,1.19,0.5861803,1.18077946
cb8f1a,Custom_Model,Barbed Wire,0.389484555,-0.177518249,0.164175823,88.01328,89.95883,359.9574,0.06396671,0.0534042753,0.07980996
cc5357,Custom_Model,Barbed Wire,4.71938372,0.006340393,0.00254137139,359.6972,0.00109747716,0.01052075,0.99999994,0.999991953,1.00000572
148810,Custom_Model,Barbed Wire,-0.382186621,-0.174835056,0.15149495,270.545715,90.00179,-0.000358533347,0.06396671,0.0614247769,0.06352233
547b53,Custom_Model,Barbed Wire,4.71869659,-0.002682865,0.0498695,356.7489,0.006176779,359.9912,1.0,1.00036585,0.9995872
627782,Custom_Model,,24.29886,1.54460156,-1.90505135,9.728672e-06,179.999039,180.0,0.850001633,0.850001633,0.850001633
8e2a1a,Custom_Model,,21.8851662,1.54583931,-15.9844751,1.2694205e-05,180.030716,180.0,0.900000036,0.900000036,0.900000036
99e0aa,Custom_Model,,11.9177618,1.54460061,-15.9845848,9.729172e-06,180.0,180.0,0.850001633,0.850001633,0.850001633
d2dff8,Custom_Model,,-15.9056149,1.53796208,0.455233455,-0.0040511447,179.9991,179.981064,1.19,0.5861803,1.18077946
cb8f1a,Custom_Model,Barbed Wire,0.389484555,-0.177518249,0.164175823,88.01328,89.95883,359.9574,0.06396671,0.0534042753,0.07980996
cc5357,Custom_Model,Barbed Wire,4.71938372,0.006340393,0.00254137139,359.6972,0.00109747716,0.01052075,0.99999994,0.999991953,1.00000572
148810,Custom_Model,Barbed Wire,-0.382186621,-0.174835056,0.15149495,270.545715,90.00179,-0.000358533347,0.06396671,0.0614247769,0.06352233
547b53,Custom_Model,Barbed Wire,4.71869659,-0.002682865,0.0498695,356.7489,0.006176779,359.9912,1.0,1.00036585,0.9995872
ecd43c,Custom_Model,VP Marker,-21.9917355,1.53407443,14.3803453,1.1085519e-05,180.0,-4.1970743e-06,0.4250004,0.4250004,0.4250004
2a6204,Custom_Model,VP Marker,-20.4525089,1.53407431,13.4076233,3.62318042e-06,180.0,1.31949093e-06,0.4250004,0.4250004,0.4250004
a658ba,Custom_Model,VP Marker,-23.4920921,1.53407419,11.4660378,1.31689958e-05,180.0,2.858093e-06,0.4250004,0.4250004,0.4250004
5e1607,Custom_Model,VP Marker,-21.9897022,1.53407419,10.5027294,1.57150953e-05,179.995819,-1.218075e-06,0.4250004,0.4250004,0.4250004
ee9b3a,Custom_Model,VP Marker,-20.4577389,1.53407407,9.545672,-3.45123226e-06,180.0,-2.39111859e-08,0.4250004,0.4250004,0.4250004
762c17,Custom_Model,,-16.2989731,1.51,5.63832045,-7.705265e-06,269.996521,-3.59329351e-05,0.2054014,0.08876389,0.142755449
986c1c,Custom_Model,,-0.008767684,2.13776389e-06,8.069233,-1.32816913e-05,179.985046,-8.198335e-06,0.99999994,0.99999994,1.0
987e36,Custom_Model,,4.08008,1.51,1.86784613,-2.02377651e-05,270.014679,2.73575e-05,0.2054014,0.08876389,0.142755449
88d5a0,Custom_Model,,-0.007381755,-6.336856e-06,8.151383,-3.57382742e-05,179.985062,-2.93773064e-05,0.99999994,0.99999994,1.0
f9feea,Custom_Model,,11.7222815,1.54277825,12.6149483,-0.0019909956,179.993,179.991211,0.861428559,0.7777251,0.861428559
88fa16,Custom_Model,,18.04841,1.54460073,-15.9801064,7.094354e-06,180.008118,180.0,0.850001633,0.850001633,0.850001633
f1b33a,Custom_Model,,21.10033,1.54460073,-15.9767542,5.62592049e-06,180.011154,180.0,0.850001633,0.850001633,0.850001633
e0d3db,Custom_Model,,-15.6736412,1.51,2.71187258,-9.331109e-06,269.99762,-2.952031e-05,0.2054014,0.08876389,0.142755449
f96266,Custom_Model,,-0.00376023282,-5.67202869e-06,8.227722,-4.44889265e-05,179.985092,-2.25446565e-05,0.999999762,0.99999994,0.999999762
578cd5,Custom_Model,,-11.978548,1.57648718,7.85277033,1.26536384e-06,180.166748,180.0,1.13142824,2.13714218,1.13142824
cc688c,Custom_Model,,-23.9296589,1.576487,4.945281,1.57179409e-06,180.0,180.0,1.13142824,2.13714218,1.13142824
4530d7,Custom_Model,,-6.97915459,1.57648623,-7.66814137,2.44007038e-06,180.0,180.0,1.13142824,2.13714218,1.13142824
a4062f,Custom_Model,,15.9659,1.57648754,13.7485819,2.23712868e-06,180.0,180.0,1.13142824,2.13714218,1.13142824
e9d6be,Custom_Model,,-25.9080715,1.57648766,14.8897572,2.331859e-06,179.985565,180.0,1.13142824,2.13714218,1.13142824
1751cc,Custom_Model,NAVAL INTEL Marker,-23.2957153,1.55203366,7.972586,1.45903414e-06,180.0,180.0,1.000002,1.000002,1.000002
c91bdb,Custom_Model,,1.33003032,1.56565309,-8.925976,-0.000179776442,179.980759,179.998932,0.9,1.7,0.9
047a54,Custom_Model,,1.50935209,1.56565726,-10.2836628,9.840318e-06,179.981491,180.0,0.9,1.7,0.9
bd1781,Custom_Model,,1.32999861,1.6498493,-8.926007,0.004706711,179.981781,179.995438,0.9,1.7,0.9
c2c335,Custom_Model,,5.29553175,1.56565738,-7.87886333,7.07584968e-06,179.981491,180.0,0.9,1.7,0.9
135ce2,Custom_Model,,25.9430275,1.54455137,17.1861286,-0.00269752275,179.999954,179.987,0.850001633,0.850001633,0.850001633
3e2df1,Custom_Model,,11.7222137,1.581032,12.6081181,359.93866,135.014648,359.937164,0.861428559,0.7777251,0.861428559
1cab9b,Custom_Model,,11.6552086,1.54460263,17.2220383,8.111923e-06,180.0,180.0,0.850001633,0.850001633,0.850001633
5e10fd,Custom_Model,,11.383009,1.62455416,13.6859713,-0.000186933743,179.986053,179.99736,0.850001633,0.850001633,0.850001633
0eee59,Custom_Model,,11.3023329,1.54460251,14.9347286,8.840766e-06,180.0,180.0,0.850001633,0.850001633,0.850001633
790415,Custom_Model,,16.894865,1.54460251,14.9415417,9.032211e-06,180.003815,180.0,0.850001633,0.850001633,0.850001633
645620,Custom_Model,,21.784544,1.54460251,14.9346142,5.456163e-06,180.003815,180.0,0.850001633,0.850001633,0.850001633
c2e794,Custom_Model,,15.6529512,1.54460239,12.61554,9.91831e-06,180.000122,-1.97590182e-07,0.850001633,0.850001633,0.850001633
33c536,Custom_Model,,12.7093344,1.54460239,12.623847,5.38712675e-06,180.0,180.0,0.850001633,0.850001633,0.850001633
378220,Custom_Model,,16.6246853,1.54460239,12.616024,7.81169547e-06,180.0,180.0,0.850001633,0.850001633,0.850001633
449cea,Custom_Model,,14.5796385,1.54460275,17.21944,6.745118e-06,180.0,180.0,0.850001633,0.850001633,0.850001633
4a1522,Custom_Model,,15.588995,1.54460263,17.2143536,5.71547343e-06,180.0,180.0,0.850001633,0.850001633,0.850001633
cc8504,Custom_Model,,16.58847,1.54460275,17.2153034,1.38154228e-05,180.0,180.0,0.850001633,0.850001633,0.850001633
8d3698,Custom_Model,,19.53213,1.54460263,17.2132912,7.045462e-06,179.996445,180.0,0.850001633,0.850001633,0.850001633
353d85,Custom_Model,,8.164364,1.55079436,-5.19749928,7.4851655e-06,180.0,180.0,1.10000134,1.10000134,1.10000134
b7fde9,Custom_Model,,12.1967344,1.544601,-11.3758926,5.506818e-06,179.998962,180.0,0.850001633,0.850001633,0.850001633
346fc8,Custom_Model,,13.2129278,1.544601,-11.3715782,7.447065e-06,179.999146,180.0,0.850001633,0.850001633,0.850001633
4d18cd,Custom_Model,,14.1807966,1.544601,-11.38198,7.12649262e-06,179.999954,180.0,0.850001633,0.850001633,0.850001633
38507c,Custom_Model,,17.1474743,1.544601,-11.3872976,6.97872838e-06,180.0,180.0,0.850001633,0.850001633,0.850001633
2f992c,Custom_Model,,18.1137371,1.544601,-11.3724442,8.013248e-06,180.0,180.0,0.850001633,0.850001633,0.850001633
65e88c,Custom_Model,,20.08636,1.544601,-11.3651075,8.22504353e-06,180.0,180.0,0.850001633,0.850001633,0.850001633
cd531b,Custom_Model,,21.0529919,1.544601,-11.3818264,4.926822e-06,179.999969,180.0,0.850001633,0.850001633,0.850001633
c65c23,Custom_Model,,11.729579,1.54460084,-13.68679,7.042865e-06,180.001144,180.0,0.850001633,0.850001633,0.850001633
6d493b,Custom_Model,,15.6518373,1.54460084,-13.6549625,6.27073e-06,179.999374,180.0,0.850001633,0.850001633,0.850001633
d9755c,Custom_Model,,17.6149235,1.54460084,-13.6709948,9.040097e-06,180.0,180.0,0.850001633,0.850001633,0.850001633
dbea8d,Custom_Model,,19.5752964,1.54460084,-13.6619911,5.346081e-06,180.0,180.0,0.850001633,0.850001633,0.850001633
3090b7,Custom_Model,,-6.84086561,1.53943014,-20.5206985,-1.36375569e-08,270.0,180.0,2.94999862,2.94999862,2.94999862
35e8c3,Custom_Model,,4.088429,1.53943,-20.5215931,7.94555959e-08,89.99991,180.0,2.94999862,2.94999862,2.94999862
6ed697,Custom_Model_Bag,,12.6969337,1.54769659,-16.77334,0.0003488164,179.930084,179.99971,0.975000262,0.975000262,0.975000262
